rule,support,confidence,lift
<{itemID=214845587}> => <{itemID=214850402}>,0.0023732799163908727,0.20913277052954718,36.88575224608695
<{itemID=214845887}> => <{itemID=214849001}>,0.001053823375718516,0.16307277628032343,17.28104861329648
<{itemID=214845917}> => <{itemID=214849001}>,0.001180107995122801,0.2561436672967864,27.1439002113678
<{itemID=214845887}> => <{itemID=214848997}>,0.001223654415607037,0.18935309973045822,23.453638523248344
<{itemID=214846007}> => <{itemID=214848997}>,0.002125065319630726,0.18675851511672406,23.132268290940946
<{itemID=214846061}> => <{itemID=214848997}>,0.0014065493816408292,0.18659734257654534,23.112305150635315
<{itemID=214849001}> => <{itemID=214848997}>,0.0013542936770597456,0.1435163820950623,17.776214662518935
<{itemID=214847940}> => <{itemID=214847940}>,0.0013542936770597456,0.25450081833060556,47.82616032851085
<{itemID=214847936}> => <{itemID=214847936}>,0.0013804215293502875,0.21786941580756017,34.38593309006744
<{itemID=214846007}> => <{itemID=214846447}>,0.0011147883643964466,0.0979716800612323,18.890190268061616
<{itemID=214846061}> => <{itemID=214846447}>,0.0010146315972827033,0.13460427498555746,25.953422088735024
<{itemID=214845887}> => <{itemID=214846061}>,0.0014239679498345237,0.22035040431266847,29.232389859249675
<{itemID=214846007}> => <{itemID=214846061}>,0.002125065319630726,0.18675851511672406,24.775982328945414
<{itemID=214849001}> => <{itemID=214846061}>,0.0013760668873018637,0.14582371942778033,19.345441322585483
<{itemID=214846007}> => <{itemID=214846033}>,0.0011322069325901411,0.09950248756218906,10.092646309090592
<{itemID=214848997}> => <{itemID=214846033}>,0.0010973697962027521,0.13592233009708737,13.786750831932485
<{itemID=214849001}> => <{itemID=214846033}>,0.0011713987110259538,0.12413474850023073,12.591123518371461
<{itemID=214845887}> => <{itemID=214846007}>,0.0020989374673401847,0.3247978436657682,28.544422816458866
<{itemID=214845917}> => <{itemID=214846007}>,0.0011844626371712245,0.2570888468809074,22.593908456843312
<{itemID=214849001}> => <{itemID=214846007}>,0.0017723393137084131,0.1878172588832487,16.506067864504107
<{itemID=214845917}> => <{itemID=214845887}>,0.001110433722348023,0.2410207939508507,37.29650614748878
<{itemID=214846007}> => <{itemID=214845887}>,0.0014196133077861,0.12476081132797551,19.305978917355993
<{itemID=214849001}> => <{itemID=214845887}>,0.0017766939557568367,0.1882787263497923,29.13499105051638
<{itemID=214844345}> => <{itemID=214845587}>,0.0013717122452534401,0.05203171456888008,4.585020312201697
<{itemID=214844396}> => <{itemID=214845587}>,0.001328165824769204,0.0387646161667514,3.4159272665129663
<{itemID=214844398}> => <{itemID=214845587}>,0.0013107472565755094,0.0426526852770299,3.7585428422936094
<{itemID=214844400}> => <{itemID=214845587}>,0.0012628461940428497,0.031334413830361965,2.76117988948746
<{itemID=214845412}> => <{itemID=214845587}>,0.0017026650409336353,0.2355421686746988,20.75591082672979
<{itemID=214845587}> => <{itemID=214845587}>,0.001863786796725309,0.1642363775901765,14.472464217117471
<{itemID=214850402}> => <{itemID=214845587}>,0.0014500958021250654,0.2557603686635945,22.537533023755884
<{itemID=214845583}> => <{itemID=214845585}>,0.002138129245775997,0.17405175469691597,23.07693126362574
<{itemID=214845585}> => <{itemID=214845585}>,0.001053823375718516,0.1397228637413395,18.525380155635798
<{itemID=214844345}> => <{itemID=214845583}>,0.0015023515067061487,0.05698711595639247,4.638965369807148
<{itemID=214844347}> => <{itemID=214845583}>,0.0014675143703187599,0.0716107097322567,5.829380851795614
<{itemID=214844396}> => <{itemID=214845583}>,0.001441386518028218,0.04206914082358922,3.4245861392162458
<{itemID=214844398}> => <{itemID=214845583}>,0.0013455843929628985,0.043786311463794816,3.564370281653967
<{itemID=214844400}> => <{itemID=214845583}>,0.0013325204668176275,0.03306320907617504,2.691469454892888
<{itemID=214845583}> => <{itemID=214845583}>,0.0015328340010451141,0.12477844735909252,10.157434474137542
<{itemID=214845585}> => <{itemID=214845583}>,0.0011017244382511757,0.14607390300230946,11.890964581868253
<{itemID=214845577}> => <{itemID=214845581}>,0.0019900714161295943,0.08200251211196842,9.368685015618123
<{itemID=214845579}> => <{itemID=214845581}>,0.001349939035011322,0.08488499452354874,9.698005045964045
<{itemID=214845581}> => <{itemID=214845581}>,0.0012672008360912733,0.14477611940298507,16.540491571990792
<{itemID=214845577}> => <{itemID=214845579}>,0.004202229576728793,0.17315628925174953,10.888173675731588
<{itemID=214845579}> => <{itemID=214845579}>,0.002734715206410033,0.171960569550931,10.812986087534446
"<{itemID=214845577},{itemID=214845577}> => <{itemID=214845579}>",0.0010668873018637869,0.17061281337047354,10.728238352244125
<{itemID=214829878}> => <{itemID=214845577}>,0.0018986239331126981,0.14465826144658261,5.960761377820425
<{itemID=214845577}> => <{itemID=214845577}>,0.0062532659815363175,0.2576709133321371,10.61753966222716
<{itemID=214845579}> => <{itemID=214845577}>,0.0029132555303954017,0.18318729463307779,7.548381543071951
<{itemID=214845581}> => <{itemID=214845577}>,0.0011844626371712245,0.1353233830845771,5.576110118704878
"<{itemID=214845577},{itemID=214845577}> => <{itemID=214845577}>",0.0013760668873018637,0.2200557103064067,9.067574612374527
<{itemID=214844396}> => <{itemID=214845412}>,0.001018986239331127,0.029740721911540417,4.114252638413338
<{itemID=214844398}> => <{itemID=214845412}>,0.0012497822678975787,0.0406688394501913,5.62601945261562
<{itemID=214845587}> => <{itemID=214845412}>,0.0014500958021250654,0.12778204144282423,17.67702891381335
<{itemID=214640520}> => <{itemID=214845407}>,0.002486500609649887,0.3503067484662577,48.69518263788827
<{itemID=214706460}> => <{itemID=214845407}>,0.0011365615746385647,0.19579894973743436,27.21747628190341
<{itemID=214845407}> => <{itemID=214845407}>,0.0015937989897230448,0.2215496368038741,30.79700883513417
"<{itemID=214845407},{itemID=214640520}> => <{itemID=214845407}>",0.0010102769552342798,0.33819241982507287,47.01120295921897
<{itemID=214845577}> => <{itemID=214845352}>,0.0014152586657376763,0.05831688498115916,11.004017639337214
<{itemID=214844409}> => <{itemID=214844409}>,0.0030047030134122974,0.28738025822573926,27.48604852101573
<{itemID=214844370}> => <{itemID=214844402}>,0.0012280090576554607,0.03844580777096114,2.662453346358117
<{itemID=214844372}> => <{itemID=214844402}>,0.0018463682285316148,0.09096760351855826,6.2996985741862845
<{itemID=214844396}> => <{itemID=214844402}>,0.003971433548162341,0.11591255719369599,8.027189274415063
<{itemID=214844398}> => <{itemID=214844402}>,0.0029480926667827903,0.09593311605498087,6.643570799416709
<{itemID=214844400}> => <{itemID=214844402}>,0.004184811008535098,0.10383576445164774,7.190845883195533
<{itemID=214844402}> => <{itemID=214844402}>,0.0014021947395924056,0.09710494571773222,6.724722477267801
"<{itemID=214844398},{itemID=214844400}> => <{itemID=214844402}>",0.0010843058700574812,0.14954954954954952,10.35662200197785
"<{itemID=214844400},{itemID=214844396}> => <{itemID=214844402}>",0.0010799512280090576,0.13456321215409656,9.318786501527965
<{itemID=214835473}> => <{itemID=214844400}>,0.0013586483191081692,0.03180103964937315,0.7890643700790978
<{itemID=214844345}> => <{itemID=214844400}>,0.001511060790802996,0.0573174760488933,1.422191809818245
<{itemID=214844370}> => <{itemID=214844400}>,0.0020902281832433376,0.06543967280163598,1.6237240909959683
<{itemID=214844372}> => <{itemID=214844400}>,0.0030743772861870754,0.15146964170778804,3.7583455993275465
<{itemID=214844396}> => <{itemID=214844400}>,0.006462288799860652,0.18861209964412814,4.679944091007843
<{itemID=214844398}> => <{itemID=214844400}>,0.007250479010625327,0.2359359501204478,5.854168728866519
<{itemID=214844400}> => <{itemID=214844400}>,0.005064448702316669,0.1256618044300378,3.1179877654580097
<{itemID=214844402}> => <{itemID=214844400}>,0.0020771642570980666,0.14384800965018096,3.569233596549709
"<{itemID=214844400},{itemID=214844400}> => <{itemID=214844400}>",0.0010146315972827033,0.2003439380911436,4.971040728606182
"<{itemID=214844400},{itemID=214844396}> => <{itemID=214844400}>",0.0010668873018637869,0.13293543136190994,3.298464879302971
"<{itemID=214844398},{itemID=214844396}> => <{itemID=214844400}>",0.0012672008360912733,0.190694626474443,4.731616858302656
<{itemID=214835473}> => <{itemID=214844398}>,0.0010233408813795507,0.02395270614616247,0.7794387755993695
<{itemID=214844345}> => <{itemID=214844398}>,0.001441386518028218,0.054674595308886687,1.7791517736620008
<{itemID=214844355}> => <{itemID=214844398}>,0.0010668873018637869,0.07052389176741508,2.2948996040058383
<{itemID=214844370}> => <{itemID=214844398}>,0.0017462114614178715,0.05466939331970006,1.7789824970860029
<{itemID=214844372}> => <{itemID=214844398}>,0.002425535620971956,0.1195022527354645,3.8886916987632234
<{itemID=214844396}> => <{itemID=214844398}>,0.005051384776171399,0.1474326385358414,4.797567112564917
<{itemID=214844398}> => <{itemID=214844398}>,0.004154328514196133,0.13518492277171604,4.399017382074093
<{itemID=214844400}> => <{itemID=214844398}>,0.0053692736457063225,0.13322528363047,4.335249274890341
<{itemID=214844402}> => <{itemID=214844398}>,0.0013804215293502875,0.09559710494571774,3.1108005072601137
"<{itemID=214844400},{itemID=214844396}> => <{itemID=214844398}>",0.001223654415607037,0.15246880086814973,4.96144756006262
<{itemID=214844345}> => <{itemID=214844396}>,0.0012497822678975787,0.047406673273868515,1.3836385931127564
<{itemID=214844370}> => <{itemID=214844396}>,0.002151193171921268,0.06734832992501703,1.9656673212990485
<{itemID=214844372}> => <{itemID=214844396}>,0.002760843058700575,0.13602231280841023,3.9700259167924923
<{itemID=214844396}> => <{itemID=214844396}>,0.004946873367009232,0.1443823080833757,4.214025575529537
<{itemID=214844398}> => <{itemID=214844396}>,0.006645183765894443,0.2162391951254074,6.311282253253503
<{itemID=214844400}> => <{itemID=214844396}>,0.008025605295244731,0.19913560237709346,5.812086900085886
<{itemID=214844402}> => <{itemID=214844396}>,0.0016112175579167391,0.11158021712907117,3.2566447714183915
"<{itemID=214844398},{itemID=214844400}> => <{itemID=214844396}>",0.0018812053649190036,0.2594594594594594,7.57273389301859
<{itemID=214844370}> => <{itemID=214844372}>,0.0012802647622365442,0.04008179959100204,1.9747660283367752
<{itemID=214844372}> => <{itemID=214844372}>,0.002220867444696046,0.10941857970392621,5.390878061190649
<{itemID=214844396}> => <{itemID=214844372}>,0.005839574986936074,0.1704372140315201,8.39716838236393
<{itemID=214844398}> => <{itemID=214844372}>,0.0042936770597456885,0.13971942751877567,6.883752271060211
<{itemID=214844400}> => <{itemID=214844372}>,0.005199442605817802,0.12901134521880064,6.356182217559618
"<{itemID=214844398},{itemID=214844400}> => <{itemID=214844372}>",0.0014065493816408292,0.193993993993994,9.55777317759725
"<{itemID=214844400},{itemID=214844396}> => <{itemID=214844372}>",0.0014196133077861,0.17688551275094952,8.714865725837385
"<{itemID=214844398},{itemID=214844396}> => <{itemID=214844372}>",0.001363002961156593,0.2051114023591088,10.105510070316615
<{itemID=214844355}> => <{itemID=214844370}>,0.002965511234976485,0.19602763385146804,6.137121450259184
<{itemID=214844368}> => <{itemID=214844370}>,0.0017113743250304824,0.1538160469667319,4.815585143209313
<{itemID=214844370}> => <{itemID=214844370}>,0.005743772861870754,0.17982276755282886,5.629788730856389
<{itemID=214844372}> => <{itemID=214844370}>,0.0020858735411949138,0.1027676464278052,3.2173909101133176
<{itemID=214844396}> => <{itemID=214844370}>,0.004010625326598153,0.11705643111337062,3.6647360382923555
<{itemID=214844398}> => <{itemID=214844370}>,0.002939383382685943,0.09564970950828965,2.9945465973392817
<{itemID=214844400}> => <{itemID=214844370}>,0.0033138825988503744,0.08222582387898433,2.5742792359331914
<{itemID=214844402}> => <{itemID=214844370}>,0.0016896011147883644,0.11700844390832328,3.663233682223225
"<{itemID=214844400},{itemID=214844396}> => <{itemID=214844370}>",0.0010102769552342798,0.12588171459576777,3.941032984290676
"<{itemID=214844398},{itemID=214844396}> => <{itemID=214844370}>",0.001053823375718516,0.15858453473132372,4.9648742407227235
<{itemID=214844355}> => <{itemID=214844368}>,0.001454450444173489,0.09614277489925158,8.641184668439973
<{itemID=214844368}> => <{itemID=214844368}>,0.0018463682285316148,0.16594911937377693,14.91528601682745
<{itemID=214844370}> => <{itemID=214844368}>,0.002686814143877373,0.08411724608043625,7.560346140865511
<{itemID=214844372}> => <{itemID=214844368}>,0.0010320501654763978,0.05084745762711865,4.570101827589639
<{itemID=214844396}> => <{itemID=214844368}>,0.0011713987110259538,0.03418912048805288,3.072872653180612
<{itemID=214844400}> => <{itemID=214844368}>,0.0010233408813795507,0.025391680172879526,2.2821704246184167
<{itemID=214844355}> => <{itemID=214844355}>,0.0018724960808221564,0.12377662636729994,8.181941415943223
<{itemID=214844368}> => <{itemID=214844355}>,0.001110433722348023,0.09980430528375735,6.597311648060459
<{itemID=214844370}> => <{itemID=214844355}>,0.0036012889740463334,0.112747102931152,7.452862612869817
<{itemID=214844372}> => <{itemID=214844355}>,0.0015458979271903849,0.07616391332332118,5.034623216916371
<{itemID=214844396}> => <{itemID=214844355}>,0.0021468385298728443,0.06265887137773259,4.141906512142346
<{itemID=214844398}> => <{itemID=214844355}>,0.0024908552516983103,0.08105427235369138,5.357888055066692
<{itemID=214844400}> => <{itemID=214844355}>,0.0019508796376937817,0.04840626688276607,3.1997740722390327
<{itemID=214844402}> => <{itemID=214844355}>,0.0011626894269291064,0.08051869722557298,5.3224852132644145
<{itemID=214832150}> => <{itemID=214844347}>,0.0016634732624978227,0.11468027619333533,5.596085555681582
<{itemID=214836932}> => <{itemID=214844347}>,0.0019421703535969343,0.16842900302114805,8.218877231996693
<{itemID=214844340}> => <{itemID=214844347}>,0.0014936422226093015,0.12197724039829304,5.952157561637062
<{itemID=214844342}> => <{itemID=214844347}>,0.002412471694826685,0.14636723910171728,7.14232315922617
<{itemID=214844345}> => <{itemID=214844347}>,0.003287754746559833,0.1247109349190618,6.085554418787368
<{itemID=214844347}> => <{itemID=214844347}>,0.0024647273994077685,0.12027199320016999,5.868946136525082
<{itemID=214844396}> => <{itemID=214844347}>,0.0014065493816408292,0.04105236400610067,2.003243703859107
<{itemID=214844398}> => <{itemID=214844347}>,0.001615572199965163,0.0525719144112229,2.56536643123528
<{itemID=214844400}> => <{itemID=214844347}>,0.0018812053649190036,0.046677471636952995,2.2777336563344424
<{itemID=214832150}> => <{itemID=214844345}>,0.001715728967078906,0.118282797958571,4.486696683714279
<{itemID=214844340}> => <{itemID=214844345}>,0.003191952621494513,0.26066856330014226,9.887665820324525
<{itemID=214844342}> => <{itemID=214844345}>,0.004250130639261452,0.2578599735799207,9.781130547223817
<{itemID=214844345}> => <{itemID=214844345}>,0.003684027172966382,0.13974231912784935,5.300698078050764
<{itemID=214844347}> => <{itemID=214844345}>,0.0016852464727399408,0.08223544411389716,3.1193504106896834
<{itemID=214844370}> => <{itemID=214844345}>,0.0015023515067061487,0.047034764826175864,1.7841201510873845
<{itemID=214844372}> => <{itemID=214844345}>,0.0013325204668176275,0.06565114782235572,2.4902757822804373
<{itemID=214844396}> => <{itemID=214844345}>,0.002917610172443825,0.085155058464667,3.2300970640611384
<{itemID=214844398}> => <{itemID=214844345}>,0.0029001916042501307,0.09437438004817912,3.5798038708727873
<{itemID=214844400}> => <{itemID=214844345}>,0.002926319456540672,0.0726094003241491,2.7542158391869176
<{itemID=214844402}> => <{itemID=214844345}>,0.0011147883643964466,0.07720144752714114,2.9284011248980333
<{itemID=214832150}> => <{itemID=214844342}>,0.001053823375718516,0.07265085559891925,4.407805146561642
<{itemID=214835109}> => <{itemID=214844342}>,0.001053823375718516,0.09314857582755967,5.651423765664677
<{itemID=214844340}> => <{itemID=214844342}>,0.0022600592231318585,0.1845661450924609,11.197825510972976
<{itemID=214844342}> => <{itemID=214844342}>,0.0015415432851419613,0.09352708058124173,5.674388054075654
<{itemID=214844345}> => <{itemID=214844342}>,0.0033356558090924925,0.12652791542781633,7.676584015546562
<{itemID=214844347}> => <{itemID=214844342}>,0.0011365615746385647,0.0554611134721632,3.3648850984801997
<{itemID=214844396}> => <{itemID=214844342}>,0.0014370318759797944,0.04194204372140316,2.5446686711183673
<{itemID=214844398}> => <{itemID=214844342}>,0.001728792893224177,0.05625619951820887,3.413123819646363
<{itemID=214844400}> => <{itemID=214844342}>,0.0017462114614178715,0.043327930848190165,2.6287519260180683
<{itemID=214832150}> => <{itemID=214844340}>,0.0015371886430935377,0.10597418192734914,8.654306948007275
<{itemID=214844340}> => <{itemID=214844340}>,0.001040759449573245,0.08499288762446656,6.940884322219951
<{itemID=214844342}> => <{itemID=214844340}>,0.0015154154328514196,0.09194187582562748,7.5083685507102045
<{itemID=214844345}> => <{itemID=214844340}>,0.0024342449050688032,0.09233564585398084,7.54052550281229
<{itemID=214844396}> => <{itemID=214844340}>,0.0014500958021250654,0.042323335027961366,3.456305354132663
<{itemID=214844398}> => <{itemID=214844340}>,0.0020989374673401847,0.06830097775258609,5.577751255726839
<{itemID=214844400}> => <{itemID=214844340}>,0.001785403239853684,0.04430037817396002,3.6177591905647866
<{itemID=214527519}> => <{itemID=214844336}>,0.00187685072287058,0.21485543369890328,28.938065568689822
<{itemID=214836536}> => <{itemID=214844336}>,0.0011757533530743773,0.06736526946107785,9.07317330149086
<{itemID=214828952}> => <{itemID=214844321}>,0.0010015676711374326,0.14492753623188406,23.43743621147173
<{itemID=214844321}> => <{itemID=214844321}>,0.0011539801428322592,0.18661971830985918,30.179825431462017
<{itemID=214840082}> => <{itemID=214840082}>,0.001715728967078906,0.3474426807760141,70.35867479136144
<{itemID=214846007}> => <{itemID=214839973}>,0.0015284793589966906,0.13432835820895525,34.42763859275054
<{itemID=214839611}> => <{itemID=214839611}>,0.0025387563142309703,0.2917917917917918,33.537070604137675
<{itemID=214585633}> => <{itemID=214839311}>,0.0011496255007838357,0.3263288009888752,65.33404172544489
<{itemID=214601233}> => <{itemID=214838225}>,0.0016417000522557046,0.14865930599369084,7.842435797930431
<{itemID=214748336}> => <{itemID=214838225}>,0.0019465249956453579,0.13291703835860838,7.011961564132973
<{itemID=214826949}> => <{itemID=214838225}>,0.001602508273819892,0.10205213533000554,5.383701437441414
<{itemID=214835426}> => <{itemID=214838225}>,0.0012672008360912733,0.049097351105112194,2.590102390943709
<{itemID=214835473}> => <{itemID=214838225}>,0.004446089531440516,0.10406686372439099,5.489987269852779
<{itemID=214838225}> => <{itemID=214838225}>,0.001580735063577774,0.0833907649896623,4.399231626975891
<{itemID=214844345}> => <{itemID=214838225}>,0.001223654415607037,0.046415592996366044,2.448627791335975
<{itemID=214844347}> => <{itemID=214838225}>,0.0010059223131858562,0.04908627284317892,2.5895179636360233
<{itemID=214844396}> => <{itemID=214838225}>,0.0014718690123671834,0.04295882053889172,2.2662677575352848
<{itemID=214844398}> => <{itemID=214838225}>,0.001341229750914475,0.043644608190449206,2.3024460888708376
<{itemID=214844400}> => <{itemID=214838225}>,0.0018986239331126981,0.04710967044840626,2.485243446306459
<{itemID=214838094}> => <{itemID=214838094}>,0.0020858735411949138,0.18275467378863028,16.012126397871445
<{itemID=214837280}> => <{itemID=214838092}>,0.0015371886430935377,0.23755047106325708,26.84600894437321
<{itemID=214838092}> => <{itemID=214838092}>,0.0020292631945654067,0.22933070866141733,25.917078709157423
<{itemID=214837918}> => <{itemID=214837918}>,0.0011757533530743773,0.3253012048192771,90.00261286108288
<{itemID=214838092}> => <{itemID=214837286}>,0.001062532659815363,0.12007874015748031,19.446320091511833
<{itemID=214838092}> => <{itemID=214837280}>,0.0014239679498345237,0.16092519685039372,24.868682506544022
<{itemID=214832156}> => <{itemID=214836956}>,0.0010364048075248214,0.13885647607934656,21.386318690047716
<{itemID=214836932}> => <{itemID=214836932}>,0.00121494513151019,0.10536253776435046,9.137255729684835
<{itemID=214844342}> => <{itemID=214836932}>,0.0010843058700574812,0.06578599735799207,5.70509684036605
<{itemID=214844345}> => <{itemID=214836932}>,0.0013934854554955582,0.052857614800132145,4.583920945129285
<{itemID=214844347}> => <{itemID=214836932}>,0.005134122975091447,0.250531236719082,21.7265835348074
<{itemID=214836868}> => <{itemID=214836868}>,0.001384776171398711,0.23608017817371937,40.24755168211798
<{itemID=214836536}> => <{itemID=214836536}>,0.0035577425535620972,0.20384231536926148,11.679228867614073
<{itemID=214836532}> => <{itemID=214836532}>,0.001053823375718516,0.25690021231422505,62.62692649239771
<{itemID=214835426}> => <{itemID=214836328}>,0.0014283225918829473,0.05533996963050447,9.228954702940484
<{itemID=214835473}> => <{itemID=214836328}>,0.0010015676711374326,0.02344307410049944,3.90956248107385
<{itemID=214748336}> => <{itemID=214835473}>,0.0012192997735586135,0.08325899494498959,1.9487917234907153
<{itemID=214826949}> => <{itemID=214835473}>,0.004659466991813273,0.2967276760953966,6.945320919228098
<{itemID=214832150}> => <{itemID=214835473}>,0.0015589618533356558,0.107475232662864,2.5156062000509722
<{itemID=214835064}> => <{itemID=214835473}>,0.0013455843929628985,0.14058234758871702,3.2905239323486875
<{itemID=214835070}> => <{itemID=214835473}>,0.0016591186204493991,0.12398307842499187,2.901995120733374
<{itemID=214835109}> => <{itemID=214835473}>,0.0011234976484932938,0.09930715935334873,2.3244211674552036
<{itemID=214835426}> => <{itemID=214835473}>,0.006266329907681589,0.24278724481187786,5.6827706552440755
<{itemID=214835428}> => <{itemID=214835473}>,0.0030961504964291935,0.19056553202894666,4.4604493706173995
<{itemID=214835473}> => <{itemID=214835473}>,0.0036012889740463334,0.08429314035266537,1.9729973244914967
<{itemID=214838225}> => <{itemID=214835473}>,0.0011757533530743773,0.06202618883528602,1.4518085826251228
<{itemID=214844340}> => <{itemID=214835473}>,0.0013542936770597456,0.11059743954480797,2.5886857626204973
<{itemID=214844342}> => <{itemID=214835473}>,0.0017070196829820589,0.1035667107001321,2.4241218474343422
<{itemID=214844345}> => <{itemID=214835473}>,0.003218080473785055,0.12206805417905518,2.8571713343877514
<{itemID=214844347}> => <{itemID=214835473}>,0.0016417000522557046,0.08011049723756906,1.875096787853976
<{itemID=214844370}> => <{itemID=214835473}>,0.0016765371886430936,0.05248807089297887,1.2285557639245406
<{itemID=214844372}> => <{itemID=214835473}>,0.0022774777913255532,0.11220768075520277,2.626375681237872
<{itemID=214844396}> => <{itemID=214835473}>,0.003239853684027173,0.0945602440264362,2.213313060669739
<{itemID=214844398}> => <{itemID=214835473}>,0.0032572722522208673,0.10599404846251949,2.4809370389290564
<{itemID=214844400}> => <{itemID=214835473}>,0.004075944957324508,0.10113452188006482,2.3671931102372934
<{itemID=214844402}> => <{itemID=214835473}>,0.0013542936770597456,0.09378769601930036,2.19523050798819
<{itemID=214845583}> => <{itemID=214835473}>,0.0011496255007838357,0.0935838355193194,2.190458871537713
"<{itemID=214835428},{itemID=214835426}> => <{itemID=214835473}>",0.0011060790802995993,0.24780487804878046,5.800215288464167
<{itemID=214835426}> => <{itemID=214835462}>,0.0014849329385124542,0.05753332208537202,11.056026848271825
<{itemID=214836328}> => <{itemID=214835462}>,0.0010930151541543285,0.1822803195352215,35.02832851721194
<{itemID=214835064}> => <{itemID=214835428}>,0.001863786796725309,0.19472247497725204,11.985009154054183
<{itemID=214835070}> => <{itemID=214835428}>,0.002103292109388608,0.15717539863325738,9.674017298885346
<{itemID=214835426}> => <{itemID=214835428}>,0.003505486848981014,0.13581913278218324,8.359556593969595
<{itemID=214835428}> => <{itemID=214835428}>,0.0015850897056261975,0.09756097560975609,6.004798295101685
<{itemID=214835473}> => <{itemID=214835428}>,0.0018115310921442257,0.0424013861991642,2.6097706584765654
<{itemID=214844370}> => <{itemID=214835428}>,0.0016808918306915172,0.05262440354464894,3.2389890190279234
<{itemID=214835064}> => <{itemID=214835426}>,0.0025823027347152065,0.2697907188353048,10.452967888196287
<{itemID=214835070}> => <{itemID=214835426}>,0.003274690820414562,0.2447120078099577,9.481300063013107
<{itemID=214835426}> => <{itemID=214835426}>,0.0026389130813447136,0.10224396828074912,3.9614146914107016
<{itemID=214835428}> => <{itemID=214835426}>,0.00446350809963421,0.27472527472527475,10.644155911576192
<{itemID=214835473}> => <{itemID=214835426}>,0.00304389479184811,0.07124655998369177,2.760428553172765
<{itemID=214844355}> => <{itemID=214835426}>,0.001053823375718516,0.06966033390903857,2.698970656128162
<{itemID=214844370}> => <{itemID=214835426}>,0.0019378157115485107,0.06066802999318336,2.3505662911480725
<{itemID=214844396}> => <{itemID=214835426}>,0.0010494687336700924,0.030630401626842912,1.1867665648031391
<{itemID=214844398}> => <{itemID=214835426}>,0.0010102769552342798,0.03287515941618251,1.2737390936953183
<{itemID=214844400}> => <{itemID=214835426}>,0.0011496255007838357,0.028525121555915724,1.1051980621057005
<{itemID=214829765}> => <{itemID=214835167}>,0.0011757533530743773,0.12851023322227512,13.706962358180798
<{itemID=214835167}> => <{itemID=214835167}>,0.001180107995122801,0.1258708778448676,13.425447463211983
<{itemID=214832150}> => <{itemID=214835109}>,0.0014675143703187599,0.1011708195737016,8.942597000348282
<{itemID=214835109}> => <{itemID=214835109}>,0.0012759101201881206,0.11277906081601233,9.968661865199797
<{itemID=214844340}> => <{itemID=214835109}>,0.0015328340010451141,0.1251778093883357,11.06460051883657
<{itemID=214844342}> => <{itemID=214835109}>,0.0029916390872670264,0.18150594451783353,16.043504657072862
<{itemID=214844345}> => <{itemID=214835109}>,0.002242640654938164,0.08506772381896267,7.519227135406694
<{itemID=214844347}> => <{itemID=214835109}>,0.0011191430064448702,0.05461113472163196,4.827136634902065
<{itemID=214844398}> => <{itemID=214835109}>,0.0011322069325901411,0.03684285106985972,3.2565790299009185
<{itemID=214844400}> => <{itemID=214835109}>,0.001075596585960634,0.02668827660723933,2.3590053272080214
<{itemID=214835064}> => <{itemID=214835070}>,0.00217732102421181,0.22747952684258418,16.999153447488133
<{itemID=214835426}> => <{itemID=214835070}>,0.002930674098589096,0.11354816939429728,8.485259231925294
<{itemID=214835428}> => <{itemID=214835070}>,0.0017462114614178715,0.10747788796569284,8.031637550420339
<{itemID=214835070}> => <{itemID=214835064}>,0.001349939035011322,0.10087862024080703,10.539475137442642
<{itemID=214835426}> => <{itemID=214835064}>,0.002003135342274865,0.07761093301839042,8.108541700793074
<{itemID=214835428}> => <{itemID=214835064}>,0.0016591186204493991,0.10211739480032163,10.66889833573515
<{itemID=214836932}> => <{itemID=214835012}>,0.0010712419439122104,0.09290030211480363,12.653395834901248
<{itemID=214844347}> => <{itemID=214835012}>,0.0012192997735586135,0.059498512537186576,8.103937377840762
<{itemID=214833802}> => <{itemID=214833802}>,0.003718864309353771,0.3497133497133497,32.88622998696709
"<{itemID=214833802},{itemID=214833802}> => <{itemID=214833802}>",0.0010451140916216688,0.28103044496487123,26.427449378269053
<{itemID=214832156}> => <{itemID=214832156}>,0.0011322069325901411,0.1516919486581097,20.323535058254556
<{itemID=214836956}> => <{itemID=214832156}>,0.0013934854554955582,0.21462105969148224,28.754714205106172
<{itemID=214832150}> => <{itemID=214832150}>,0.00121494513151019,0.08375863104172922,5.774341648881026
<{itemID=214844340}> => <{itemID=214832150}>,0.0022905417174708237,0.18705547652916074,12.89565284603917
<{itemID=214844342}> => <{itemID=214832150}>,0.0016286361261104337,0.09881109643328928,6.812062499231628
<{itemID=214844345}> => <{itemID=214832150}>,0.0025692388085699356,0.09745622728774364,6.718657470536611
<{itemID=214844396}> => <{itemID=214832150}>,0.001341229750914475,0.039145907473309614,2.6987289679287962
<{itemID=214844398}> => <{itemID=214832150}>,0.0015371886430935377,0.050021255491001844,3.448478268073751
<{itemID=214844400}> => <{itemID=214832150}>,0.001763630029611566,0.04376012965964344,3.016834636757886
<{itemID=214845579}> => <{itemID=214829880}>,0.0020902281832433376,0.13143483023001096,21.792559143696547
<{itemID=214829878}> => <{itemID=214829878}>,0.001842013586483191,0.14034505640345055,10.693045372424812
<{itemID=214845577}> => <{itemID=214829878}>,0.004036753178888695,0.1663376996231832,12.673453663393428
<{itemID=214835167}> => <{itemID=214829765}>,0.0020423271207106776,0.217835578262889,23.80950128143257
<{itemID=214828952}> => <{itemID=214828952}>,0.001489287580560878,0.21550094517958412,31.183136138021236
<{itemID=214832150}> => <{itemID=214826990}>,0.0011365615746385647,0.07835484839387571,11.107041595783715
<{itemID=214835109}> => <{itemID=214826990}>,0.0011234976484932938,0.09930715935334873,14.077096341915434
<{itemID=214844345}> => <{itemID=214826990}>,0.0015154154328514196,0.05748265609514371,8.148343917091854
<{itemID=214684702}> => <{itemID=214826987}>,0.0010059223131858562,0.32952924393723254,57.54608028725938
<{itemID=214826987}> => <{itemID=214826987}>,0.0017200836091273298,0.30038022813688214,52.455753299888684
<{itemID=214826949}> => <{itemID=214826949}>,0.0010668873018637869,0.06794231835829173,4.326753740376626
<{itemID=214835064}> => <{itemID=214826949}>,0.0011147883643964466,0.1164695177434031,7.417099294119547
<{itemID=214835426}> => <{itemID=214826949}>,0.0018855600069674272,0.0730555086890501,4.652375766875614
<{itemID=214835428}> => <{itemID=214826949}>,0.0014805782964640306,0.09112838381131064,5.803306172609366
<{itemID=214835473}> => <{itemID=214826949}>,0.005038320850026128,0.11792885536642544,7.510033928548513
<{itemID=214844342}> => <{itemID=214826949}>,0.0010102769552342798,0.06129458388375165,3.9034077213157867
<{itemID=214844345}> => <{itemID=214826949}>,0.0010494687336700924,0.03980839114634952,2.535107859913395
<{itemID=214844372}> => <{itemID=214826949}>,0.001053823375718516,0.05192018880068655,3.3064204537408926
<{itemID=214844396}> => <{itemID=214826949}>,0.0012410729838007316,0.03622267412303,2.3067595356662807
<{itemID=214844398}> => <{itemID=214826949}>,0.0014675143703187599,0.047754003117472014,3.0411062883794435
<{itemID=214844400}> => <{itemID=214826949}>,0.0014979968646577251,0.03716909778498109,2.3670303980429996
<{itemID=214826833}> => <{itemID=214826833}>,0.003518550775126285,0.230527817403709,15.10368273568837
<{itemID=214819468}> => <{itemID=214819468}>,0.0013586483191081692,0.15950920245398773,18.726837040661422
<{itemID=214748336}> => <{itemID=214748336}>,0.0012323636997038842,0.08415105560511447,5.746193401474424
<{itemID=214826949}> => <{itemID=214748336}>,0.0013063926145270859,0.08319467554076539,5.680887686940637
<{itemID=214835426}> => <{itemID=214748336}>,0.0011365615746385647,0.0440357685169563,3.0069503069384016
<{itemID=214835473}> => <{itemID=214748336}>,0.0034183940080125415,0.08001223116909591,5.463576796215041
<{itemID=214844345}> => <{itemID=214748336}>,0.0011234976484932938,0.04261645193260654,2.9100333100814053
<{itemID=214844396}> => <{itemID=214748336}>,0.001363002961156593,0.039781392984239966,2.716443379393656
<{itemID=214844398}> => <{itemID=214748336}>,0.0014239679498345237,0.04633697038401587,3.164086196546359
<{itemID=214844400}> => <{itemID=214748336}>,0.001959588921790629,0.04862236628849271,3.320142787537754
<{itemID=214846061}> => <{itemID=214748336}>,0.001201881205364919,0.15944540727902945,10.887613240427095
<{itemID=214700000}> => <{itemID=214744258}>,0.0014675143703187599,0.27420667209113103,73.04967538167904
<{itemID=214700002}> => <{itemID=214743515}>,0.001201881205364919,0.2816326530612245,82.17804631382413
<{itemID=214712237}> => <{itemID=214743515}>,0.0010276955234279743,0.28028503562945367,81.78482284872648
<{itemID=214835473}> => <{itemID=214743335}>,0.0018028218080473786,0.04219753338089899,6.067778062360453
<{itemID=214838225}> => <{itemID=214743335}>,0.0017723393137084131,0.09349873650356078,13.444614809441264
<{itemID=214692581}> => <{itemID=214725506}>,0.0012802647622365442,0.2508532423208191,60.13145988157923
<{itemID=214700002}> => <{itemID=214712237}>,0.0010843058700574812,0.25408163265306116,69.29608803141207
<{itemID=214700000}> => <{itemID=214712235}>,0.0017113743250304824,0.31977217249796586,65.21534786184093
<{itemID=214712235}> => <{itemID=214712235}>,0.001180107995122801,0.24067495559502664,49.08401137019708
<{itemID=214744258}> => <{itemID=214712235}>,0.001328165824769204,0.3538283062645012,72.16086345522207
<{itemID=214687663}> => <{itemID=214708211}>,0.0010102769552342798,0.33623188405797105,88.34358106987698
<{itemID=214640520}> => <{itemID=214706460}>,0.001511060790802996,0.21288343558282208,36.67408263108722
<{itemID=214706460}> => <{itemID=214706460}>,0.0013325204668176275,0.2295573893473368,39.546555806243376
<{itemID=214845407}> => <{itemID=214706460}>,0.001328165824769204,0.18462469733656175,31.805863088048042
<{itemID=214700000}> => <{itemID=214700000}>,0.001088660512105905,0.20341741253051263,38.00876697600238
<{itemID=214712235}> => <{itemID=214700000}>,0.0010320501654763978,0.21047957371225576,39.32833955027048
<{itemID=214699025}> => <{itemID=214699025}>,0.0017070196829820589,0.3411662315056571,68.18573838377641
<{itemID=214725506}> => <{itemID=214692581}>,0.0016547639784009755,0.39665970772442594,77.7209345408167
<{itemID=214691735}> => <{itemID=214691735}>,0.0010799512280090576,0.3415977961432507,108.05030014646844
<{itemID=214839611}> => <{itemID=214691735}>,0.001075596585960634,0.12362362362362361,39.103207891086676
<{itemID=214708211}> => <{itemID=214687663}>,0.0010973697962027521,0.28832951945080093,95.95940702417671
<{itemID=214826987}> => <{itemID=214684702}>,0.0010276955234279743,0.17946768060836504,58.79166644066326
<{itemID=214613915}> => <{itemID=214684372}>,0.002037972478662254,0.22253922967189727,27.53443356780953
<{itemID=214684372}> => <{itemID=214684372}>,0.002712941996167915,0.33566810344827586,41.53169357535672
<{itemID=214684093}> => <{itemID=214684093}>,0.0019552342797422052,0.3948988566402814,79.75776028045226
<{itemID=214527519}> => <{itemID=214646745}>,0.0015197700748998432,0.17397806580259223,31.783868759671662
<{itemID=214640520}> => <{itemID=214640520}>,0.0015850897056261975,0.2233128834355828,31.46108622831119
<{itemID=214706460}> => <{itemID=214640520}>,0.0012280090576554607,0.21155288822205548,29.804297700191913
<{itemID=214845407}> => <{itemID=214640520}>,0.002987284445218603,0.4152542372881356,58.50244358947697
<{itemID=214633989}> => <{itemID=214633989}>,0.001201881205364919,0.36556291390728474,111.18922854260776
<{itemID=214613915}> => <{itemID=214613915}>,0.0021947395924055042,0.2396576319543509,26.16974731431153
<{itemID=214684372}> => <{itemID=214613915}>,0.003483713638738896,0.4310344827586207,47.067407808221425
<{itemID=214602830}> => <{itemID=214602830}>,0.0011147883643964466,0.2694736842105263,65.13888088642659
<{itemID=214826949}> => <{itemID=214602733}>,0.001363002961156593,0.08679977814753188,15.895295896171628
<{itemID=214835473}> => <{itemID=214602733}>,0.0020336178366138304,0.04759963306492712,8.716730252814884
<{itemID=214844398}> => <{itemID=214602733}>,0.0010320501654763978,0.033583675782910584,6.150044104296321
<{itemID=214601233}> => <{itemID=214601233}>,0.0017244382511757534,0.15615141955835962,14.139831225308242
<{itemID=214748336}> => <{itemID=214601233}>,0.001315101898623933,0.08980077311923877,8.131644140024443
<{itemID=214826949}> => <{itemID=214601233}>,0.0015241247169482668,0.0970604547975596,8.789023201779017
<{itemID=214835473}> => <{itemID=214601233}>,0.0030047030134122974,0.07032922230149831,6.368455287585201
<{itemID=214838225}> => <{itemID=214601233}>,0.0011234976484932938,0.059269469331495524,5.366971978424539
<{itemID=214844345}> => <{itemID=214601233}>,0.0010102769552342798,0.03832177073009581,3.4701149173735018
<{itemID=214844398}> => <{itemID=214601233}>,0.0010059223131858562,0.0327334561428369,2.9640815728079914
<{itemID=214844400}> => <{itemID=214601233}>,0.0012410729838007316,0.030794165316045383,2.788474811978179
<{itemID=214844370}> => <{itemID=214582170}>,0.0011017244382511757,0.03449216087252897,10.776571187438847
<{itemID=214581427}> => <{itemID=214581427}>,0.001315101898623933,0.26012058570198104,51.450552369167035
<{itemID=214844370}> => <{itemID=214579839}>,0.0010712419439122104,0.03353783231083844,7.717061935732405
<{itemID=214844370}> => <{itemID=214579837}>,0.0013934854554955582,0.04362644853442399,9.60534769074317
<{itemID=214553604}> => <{itemID=214553604}>,0.0010233408813795507,0.2858880778588808,79.8678080286051
<{itemID=214836536}> => <{itemID=214527519}>,0.0015328340010451141,0.08782435129740519,10.05383052439488
